targetB,Brand_name
ENSG00000120217,Libtayo
ENSG00000120217,Opdualag
ENSG00000141510,Zejula
ENSG00000169083,PSMA-11 Ga-68
ENSG00000169083,Pluvicto
ENSG00000136997,Blenrep
ENSG00000136997,Farydak
ENSG00000010671,Brukinsa
ENSG00000010671,Imbruvica
ENSG00000010671,Calquence
ENSG00000113851,Pomalyst
ENSG00000066468,Pemazyre
ENSG00000100311,Lartruvo
ENSG00000185920,Odomzo
ENSG00000182054,Idhifa
ENSG00000138413,Rezlidhia
ENSG00000141510,Rubraca
ENSG00000141510,Lynparza
ENSG00000138413,Tibsovo
ENSG00000165731,Lorbrena
ENSG00000171094,Lorbrena
ENSG00000068078,Ninlaro
ENSG00000136997,Ninlaro
ENSG00000146648,Gavreto
ENSG00000165731,Gavreto
ENSG00000171094,Gavreto
NA,Qinlock
NA,Ayvakit
ENSG00000122025,Xospata
ENSG00000146648,Alecensa
ENSG00000165731,Alecensa
ENSG00000171094,Alecensa
ENSG00000066468,Truseltiq
ENSG00000121879,Piqray
ENSG00000078061,Lumakras
ENSG00000133703,Lumakras
ENSG00000157764,Lumakras
ENSG00000078061,Krazati
ENSG00000133703,Krazati
ENSG00000157764,Krazati
ENSG00000065361,Balversa
ENSG00000068078,Balversa
ENSG00000165731,Zykadia
ENSG00000171094,Zykadia
ENSG00000169083,Nubeqa
ENSG00000169083,Erleada
ENSG00000132155,Cotellic
ENSG00000157764,Cotellic
ENSG00000132155,Mektovi
ENSG00000157764,Mektovi
ENSG00000146648,Retevmo
ENSG00000165731,Retevmo
ENSG00000171094,Retevmo
ENSG00000105976,Rozlytrek
ENSG00000146648,Rozlytrek
ENSG00000165731,Rozlytrek
ENSG00000171094,Rozlytrek
ENSG00000198400,Rozlytrek
ENSG00000105976,Tepmetko
ENSG00000146648,Tepmetko
ENSG00000105976,Tabrecta
ENSG00000146648,Tabrecta
ENSG00000126934,Braftovi
ENSG00000132155,Braftovi
ENSG00000157764,Braftovi
ENSG00000169032,Braftovi
ENSG00000213281,Braftovi
ENSG00000105976,Tagrisso
ENSG00000141736,Tagrisso
ENSG00000146648,Tagrisso
ENSG00000157168,Tagrisso
ENSG00000165731,Tagrisso
ENSG00000178568,Tagrisso
ENSG00000105976,Portrazza
ENSG00000141736,Portrazza
ENSG00000146648,Portrazza
ENSG00000157168,Portrazza
ENSG00000165731,Portrazza
ENSG00000178568,Portrazza
ENSG00000105976,Exkivity
ENSG00000141736,Exkivity
ENSG00000146648,Exkivity
ENSG00000157168,Exkivity
ENSG00000165731,Exkivity
ENSG00000178568,Exkivity
ENSG00000105976,Alunbrig
ENSG00000141736,Alunbrig
ENSG00000146648,Alunbrig
ENSG00000157168,Alunbrig
ENSG00000165731,Alunbrig
ENSG00000171094,Alunbrig
ENSG00000178568,Alunbrig
ENSG00000105976,Vizimpro
ENSG00000141736,Vizimpro
ENSG00000146648,Vizimpro
ENSG00000157168,Vizimpro
ENSG00000165731,Vizimpro
ENSG00000178568,Vizimpro
ENSG00000105976,Gilotrif
ENSG00000141736,Gilotrif
ENSG00000146648,Gilotrif
ENSG00000157168,Gilotrif
ENSG00000165731,Gilotrif
ENSG00000178568,Gilotrif
ENSG00000105976,Rybrevant
ENSG00000141736,Rybrevant
ENSG00000146648,Rybrevant
ENSG00000157168,Rybrevant
ENSG00000165731,Rybrevant
ENSG00000178568,Rybrevant
ENSG00000145675,Imjudo
ENSG00000145675,Lutathera
ENSG00000157613,Gazyva
ENSG00000168685,Gazyva
ENSG00000111679,Lumoxiti
ENSG00000165025,Lumoxiti
ENSG00000145675,Netspot
ENSG00000145675,Gallium dotatoc Ga-68
ENSG00000145675,Copper dotatate Cu-64
ENSG00000174775,Klisyri
ENSG00000145675,Copiktra
ENSG00000166501,Copiktra
ENSG00000179295,Libtayo
ENSG00000197646,Libtayo
ENSG00000065361,Padcev
ENSG00000080824,Padcev
ENSG00000083799,Padcev
ENSG00000091831,Padcev
ENSG00000126934,Padcev
ENSG00000130779,Padcev
ENSG00000133124,Padcev
ENSG00000136997,Padcev
ENSG00000146648,Padcev
ENSG00000177606,Padcev
ENSG00000179218,Padcev
ENSG00000204843,Padcev
ENSG00000179295,Opdualag
ENSG00000197646,Opdualag
ENSG00000065361,Beleodaq
ENSG00000100697,Beleodaq
ENSG00000107485,Beleodaq
ENSG00000113916,Beleodaq
ENSG00000127152,Beleodaq
ENSG00000141027,Beleodaq
ENSG00000141510,Beleodaq
ENSG00000141736,Beleodaq
ENSG00000146648,Beleodaq
ENSG00000147130,Beleodaq
ENSG00000148400,Beleodaq
ENSG00000162367,Beleodaq
ENSG00000168036,Beleodaq
ENSG00000169083,Beleodaq
ENSG00000177565,Beleodaq
ENSG00000181163,Beleodaq
ENSG00000181449,Beleodaq
ENSG00000065361,Tivdak
ENSG00000080824,Tivdak
ENSG00000083799,Tivdak
ENSG00000091831,Tivdak
ENSG00000126934,Tivdak
ENSG00000130779,Tivdak
ENSG00000133124,Tivdak
ENSG00000136997,Tivdak
ENSG00000146648,Tivdak
ENSG00000177606,Tivdak
ENSG00000179218,Tivdak
ENSG00000204843,Tivdak
ENSG00000065361,Elahere
ENSG00000080824,Elahere
ENSG00000083799,Elahere
ENSG00000091831,Elahere
ENSG00000126934,Elahere
ENSG00000130779,Elahere
ENSG00000133124,Elahere
ENSG00000136997,Elahere
ENSG00000146648,Elahere
ENSG00000177606,Elahere
ENSG00000179218,Elahere
ENSG00000204843,Elahere
ENSG00000082805,Zejula
ENSG00000091831,Zejula
ENSG00000100030,Zejula
ENSG00000148737,Zejula
ENSG00000154767,Zejula
ENSG00000156052,Zejula
ENSG00000157554,Zejula
ENSG00000164305,Zejula
ENSG00000165392,Zejula
ENSG00000168036,Zejula
ENSG00000198900,Zejula
ENSG00000245848,Zejula
ENSG00000286522,Zejula
ENSG00000126777,Tecvayli
ENSG00000078674,Ukoniq
ENSG00000122025,Ukoniq
ENSG00000141736,Ukoniq
ENSG00000145675,Ukoniq
ENSG00000149311,Ukoniq
ENSG00000153707,Ukoniq
ENSG00000157404,Ukoniq
ENSG00000197646,Imfinzi
ENSG00000197646,Bavencio
ENSG00000197646,Tecentriq
ENSG00000185920,Daurismo
ENSG00000145675,Zydelig
ENSG00000065361,Blenrep
ENSG00000083799,Blenrep
ENSG00000091831,Blenrep
ENSG00000126934,Blenrep
ENSG00000130779,Blenrep
ENSG00000133124,Blenrep
ENSG00000146648,Blenrep
ENSG00000179218,Blenrep
ENSG00000204843,Blenrep
ENSG00000065361,Farydak
ENSG00000073614,Farydak
ENSG00000083799,Farydak
ENSG00000091831,Farydak
ENSG00000100697,Farydak
ENSG00000108654,Farydak
ENSG00000109906,Farydak
ENSG00000110092,Farydak
ENSG00000111642,Farydak
ENSG00000113916,Farydak
ENSG00000121741,Farydak
ENSG00000135363,Farydak
ENSG00000139687,Farydak
ENSG00000141027,Farydak
ENSG00000141510,Farydak
ENSG00000141736,Farydak
ENSG00000146648,Farydak
ENSG00000147130,Farydak
ENSG00000148400,Farydak
ENSG00000168036,Farydak
ENSG00000179348,Farydak
ENSG00000181163,Farydak
ENSG00000196498,Farydak
ENSG00000198795,Farydak
ENSG00000204209,Farydak
ENSG00000204713,Farydak
ENSG00000204843,Farydak
ENSG00000141510,Xpovio
ENSG00000141736,Xpovio
ENSG00000120217,Jemperli
ENSG00000179295,Jemperli
ENSG00000197646,Jemperli
ENSG00000106462,Pomalyst
ENSG00000138081,Pomalyst
ENSG00000185811,Pomalyst
ENSG00000122025,Scemblix
ENSG00000149311,Scemblix
ENSG00000157404,Scemblix
ENSG00000091831,Trodelvy
ENSG00000097007,Trodelvy
ENSG00000122566,Trodelvy
ENSG00000136997,Trodelvy
ENSG00000147140,Trodelvy
ENSG00000181163,Trodelvy
ENSG00000113721,Lartruvo
ENSG00000124181,Lartruvo
ENSG00000146648,Lartruvo
ENSG00000106462,Inqovi
ENSG00000119772,Inqovi
ENSG00000163041,Inqovi
ENSG00000037280,Cyramza
ENSG00000111679,Cyramza
ENSG00000128052,Cyramza
ENSG00000197122,Cyramza
ENSG00000029363,Venclexta
ENSG00000087088,Venclexta
ENSG00000100030,Venclexta
ENSG00000141510,Venclexta
ENSG00000171791,Venclexta
ENSG00000198625,Venclexta
ENSG00000096384,Cosela
ENSG00000106462,Cosela
ENSG00000110092,Cosela
ENSG00000111087,Cosela
ENSG00000111276,Cosela
ENSG00000112576,Cosela
ENSG00000118689,Cosela
ENSG00000118971,Cosela
ENSG00000119866,Cosela
ENSG00000123080,Cosela
ENSG00000124762,Cosela
ENSG00000136754,Cosela
ENSG00000136997,Cosela
ENSG00000137497,Cosela
ENSG00000139687,Cosela
ENSG00000140464,Cosela
ENSG00000143379,Cosela
ENSG00000147130,Cosela
ENSG00000147889,Cosela
ENSG00000148516,Cosela
ENSG00000159216,Cosela
ENSG00000161405,Cosela
ENSG00000161547,Cosela
ENSG00000171843,Cosela
ENSG00000096968,Vonjo
ENSG00000097007,Vonjo
ENSG00000117400,Vonjo
ENSG00000122025,Vonjo
ENSG00000179295,Vonjo
ENSG00000096968,Inrebic
ENSG00000097007,Inrebic
ENSG00000117400,Inrebic
ENSG00000122025,Inrebic
ENSG00000179295,Inrebic
ENSG00000065361,Tukysa
ENSG00000072274,Tukysa
ENSG00000080824,Tukysa
ENSG00000081237,Tukysa
ENSG00000082898,Tukysa
ENSG00000085832,Tukysa
ENSG00000096384,Tukysa
ENSG00000097007,Tukysa
ENSG00000101213,Tukysa
ENSG00000111252,Tukysa
ENSG00000113263,Tukysa
ENSG00000123983,Tukysa
ENSG00000124181,Tukysa
ENSG00000127329,Tukysa
ENSG00000135605,Tukysa
ENSG00000141736,Tukysa
ENSG00000141968,Tukysa
ENSG00000143322,Tukysa
ENSG00000145675,Tukysa
ENSG00000146648,Tukysa
ENSG00000152894,Tukysa
ENSG00000153201,Tukysa
ENSG00000157168,Tukysa
ENSG00000162434,Tukysa
ENSG00000163399,Tukysa
ENSG00000165025,Tukysa
ENSG00000168610,Tukysa
ENSG00000178568,Tukysa
ENSG00000179295,Tukysa
ENSG00000197122,Tukysa
ENSG00000065361,Margenza
ENSG00000072274,Margenza
ENSG00000080824,Margenza
ENSG00000081237,Margenza
ENSG00000082898,Margenza
ENSG00000085832,Margenza
ENSG00000096384,Margenza
ENSG00000097007,Margenza
ENSG00000101213,Margenza
ENSG00000111252,Margenza
ENSG00000113263,Margenza
ENSG00000123983,Margenza
ENSG00000124181,Margenza
ENSG00000127329,Margenza
ENSG00000135605,Margenza
ENSG00000141736,Margenza
ENSG00000141968,Margenza
ENSG00000143322,Margenza
ENSG00000145675,Margenza
ENSG00000146648,Margenza
ENSG00000152894,Margenza
ENSG00000153201,Margenza
ENSG00000157168,Margenza
ENSG00000162434,Margenza
ENSG00000163399,Margenza
ENSG00000165025,Margenza
ENSG00000168610,Margenza
ENSG00000178568,Margenza
ENSG00000179295,Margenza
ENSG00000197122,Margenza
ENSG00000065361,Kadcyla
ENSG00000072274,Kadcyla
ENSG00000080824,Kadcyla
ENSG00000081237,Kadcyla
ENSG00000082898,Kadcyla
ENSG00000083799,Kadcyla
ENSG00000085832,Kadcyla
ENSG00000091831,Kadcyla
ENSG00000096384,Kadcyla
ENSG00000097007,Kadcyla
ENSG00000101213,Kadcyla
ENSG00000111252,Kadcyla
ENSG00000113263,Kadcyla
ENSG00000123983,Kadcyla
ENSG00000124181,Kadcyla
ENSG00000126934,Kadcyla
ENSG00000127329,Kadcyla
ENSG00000130779,Kadcyla
ENSG00000135605,Kadcyla
ENSG00000136997,Kadcyla
ENSG00000141736,Kadcyla
ENSG00000141968,Kadcyla
ENSG00000143322,Kadcyla
ENSG00000145675,Kadcyla
ENSG00000146648,Kadcyla
ENSG00000152894,Kadcyla
ENSG00000153201,Kadcyla
ENSG00000157168,Kadcyla
ENSG00000162434,Kadcyla
ENSG00000163399,Kadcyla
ENSG00000165025,Kadcyla
ENSG00000168610,Kadcyla
ENSG00000178568,Kadcyla
ENSG00000179295,Kadcyla
ENSG00000197122,Kadcyla
ENSG00000204843,Kadcyla
ENSG00000015285,Enhertu
ENSG00000065361,Enhertu
ENSG00000072274,Enhertu
ENSG00000080824,Enhertu
ENSG00000081237,Enhertu
ENSG00000082898,Enhertu
ENSG00000085832,Enhertu
ENSG00000091831,Enhertu
ENSG00000096384,Enhertu
ENSG00000097007,Enhertu
ENSG00000101213,Enhertu
ENSG00000111252,Enhertu
ENSG00000113263,Enhertu
ENSG00000116560,Enhertu
ENSG00000122566,Enhertu
ENSG00000123983,Enhertu
ENSG00000124181,Enhertu
ENSG00000127329,Enhertu
ENSG00000135605,Enhertu
ENSG00000136997,Enhertu
ENSG00000141736,Enhertu
ENSG00000141968,Enhertu
ENSG00000143322,Enhertu
ENSG00000145675,Enhertu
ENSG00000146648,Enhertu
ENSG00000147140,Enhertu
ENSG00000152894,Enhertu
ENSG00000153201,Enhertu
ENSG00000157168,Enhertu
ENSG00000162434,Enhertu
ENSG00000163399,Enhertu
ENSG00000165025,Enhertu
ENSG00000168610,Enhertu
ENSG00000178568,Enhertu
ENSG00000179295,Enhertu
ENSG00000181163,Enhertu
ENSG00000197122,Enhertu
ENSG00000072062,Rezlidhia
ENSG00000163513,Rezlidhia
ENSG00000179218,Rezlidhia
ENSG00000082805,Rubraca
ENSG00000091831,Rubraca
ENSG00000100030,Rubraca
ENSG00000148737,Rubraca
ENSG00000154767,Rubraca
ENSG00000156052,Rubraca
ENSG00000157554,Rubraca
ENSG00000164305,Rubraca
ENSG00000165392,Rubraca
ENSG00000168036,Rubraca
ENSG00000198900,Rubraca
ENSG00000245848,Rubraca
ENSG00000286522,Rubraca
ENSG00000082805,Lynparza
ENSG00000091831,Lynparza
ENSG00000100030,Lynparza
ENSG00000148737,Lynparza
ENSG00000154767,Lynparza
ENSG00000156052,Lynparza
ENSG00000157554,Lynparza
ENSG00000164305,Lynparza
ENSG00000165392,Lynparza
ENSG00000168036,Lynparza
ENSG00000198900,Lynparza
ENSG00000245848,Lynparza
ENSG00000286522,Lynparza
ENSG00000096384,Fluoroestradiol F-18
ENSG00000108953,Fluoroestradiol F-18
ENSG00000110367,Fluoroestradiol F-18
ENSG00000118515,Fluoroestradiol F-18
ENSG00000142208,Fluoroestradiol F-18
ENSG00000146648,Fluoroestradiol F-18
ENSG00000153944,Fluoroestradiol F-18
ENSG00000197122,Fluoroestradiol F-18
ENSG00000204843,Fluoroestradiol F-18
ENSG00000072062,Tibsovo
ENSG00000163513,Tibsovo
ENSG00000179218,Tibsovo
ENSG00000007312,Polivy
ENSG00000065361,Polivy
ENSG00000080824,Polivy
ENSG00000083799,Polivy
ENSG00000091831,Polivy
ENSG00000126934,Polivy
ENSG00000130779,Polivy
ENSG00000133124,Polivy
ENSG00000136997,Polivy
ENSG00000146648,Polivy
ENSG00000177606,Polivy
ENSG00000179218,Polivy
ENSG00000037280,Lenvima
ENSG00000096384,Lenvima
ENSG00000110395,Lenvima
ENSG00000111679,Lenvima
ENSG00000128052,Lenvima
ENSG00000145675,Lenvima
ENSG00000197122,Lenvima
ENSG00000039068,Nerlynx
ENSG00000044115,Nerlynx
ENSG00000065361,Nerlynx
ENSG00000072274,Nerlynx
ENSG00000080824,Nerlynx
ENSG00000081237,Nerlynx
ENSG00000082898,Nerlynx
ENSG00000085832,Nerlynx
ENSG00000091831,Nerlynx
ENSG00000092820,Nerlynx
ENSG00000096384,Nerlynx
ENSG00000096968,Nerlynx
ENSG00000097007,Nerlynx
ENSG00000101213,Nerlynx
ENSG00000105976,Nerlynx
ENSG00000110395,Nerlynx
ENSG00000111252,Nerlynx
ENSG00000113263,Nerlynx
ENSG00000123983,Nerlynx
ENSG00000124181,Nerlynx
ENSG00000127329,Nerlynx
ENSG00000132155,Nerlynx
ENSG00000134853,Nerlynx
ENSG00000135605,Nerlynx
ENSG00000137193,Nerlynx
ENSG00000138363,Nerlynx
ENSG00000138698,Nerlynx
ENSG00000141736,Nerlynx
ENSG00000141968,Nerlynx
ENSG00000142208,Nerlynx
ENSG00000143294,Nerlynx
ENSG00000143322,Nerlynx
ENSG00000144554,Nerlynx
ENSG00000145675,Nerlynx
ENSG00000146648,Nerlynx
ENSG00000152894,Nerlynx
ENSG00000153201,Nerlynx
ENSG00000153707,Nerlynx
ENSG00000157168,Nerlynx
ENSG00000162434,Nerlynx
ENSG00000163399,Nerlynx
ENSG00000165025,Nerlynx
ENSG00000165731,Nerlynx
ENSG00000168036,Nerlynx
ENSG00000168610,Nerlynx
ENSG00000178568,Nerlynx
ENSG00000179295,Nerlynx
ENSG00000197122,Nerlynx
ENSG00000198561,Nerlynx
ENSG00000254087,Nerlynx
ENSG00000096384,Lorbrena
ENSG00000107882,Lorbrena
ENSG00000127329,Lorbrena
ENSG00000072062,Ninlaro
ENSG00000073584,Ninlaro
ENSG00000076242,Ninlaro
ENSG00000084676,Ninlaro
ENSG00000089280,Ninlaro
ENSG00000091831,Ninlaro
ENSG00000099956,Ninlaro
ENSG00000100644,Ninlaro
ENSG00000113916,Ninlaro
ENSG00000124762,Ninlaro
ENSG00000135363,Ninlaro
ENSG00000136936,Ninlaro
ENSG00000139618,Ninlaro
ENSG00000139687,Ninlaro
ENSG00000140262,Ninlaro
ENSG00000141985,Ninlaro
ENSG00000146648,Ninlaro
ENSG00000161405,Ninlaro
ENSG00000163161,Ninlaro
ENSG00000163513,Ninlaro
ENSG00000171723,Ninlaro
ENSG00000179218,Ninlaro
ENSG00000179348,Ninlaro
ENSG00000185811,Ninlaro
ENSG00000186575,Ninlaro
ENSG00000204713,Ninlaro
ENSG00000204843,Ninlaro
ENSG00000105568,Gavreto
ENSG00000108091,Gavreto
ENSG00000109670,Gavreto
ENSG00000110395,Gavreto
ENSG00000124181,Gavreto
ENSG00000160867,Gavreto
ENSG00000164305,Gavreto
ENSG00000168610,Gavreto
ENSG00000170759,Gavreto
ENSG00000037280,Fotivda
ENSG00000081237,Fotivda
ENSG00000096384,Fotivda
ENSG00000097007,Fotivda
ENSG00000100311,Fotivda
ENSG00000101213,Fotivda
ENSG00000110395,Fotivda
ENSG00000111252,Fotivda
ENSG00000111679,Fotivda
ENSG00000124181,Fotivda
ENSG00000127329,Fotivda
ENSG00000128052,Fotivda
ENSG00000134853,Fotivda
ENSG00000135605,Fotivda
ENSG00000143322,Fotivda
ENSG00000145675,Fotivda
ENSG00000152894,Fotivda
ENSG00000165025,Fotivda
ENSG00000171862,Fotivda
ENSG00000179295,Fotivda
ENSG00000182511,Fotivda
ENSG00000182866,Fotivda
ENSG00000197122,Fotivda
ENSG00000254087,Fotivda
ENSG00000111252,Qinlock
ENSG00000113721,Qinlock
ENSG00000146648,Qinlock
ENSG00000111252,Ayvakit
ENSG00000113721,Ayvakit
ENSG00000146648,Ayvakit
ENSG00000096384,Xospata
ENSG00000097007,Xospata
ENSG00000124181,Xospata
ENSG00000143322,Xospata
ENSG00000145675,Xospata
ENSG00000146648,Xospata
ENSG00000165025,Xospata
ENSG00000179295,Xospata
ENSG00000182866,Xospata
ENSG00000081237,Vitrakvi
ENSG00000096384,Vitrakvi
ENSG00000105976,Vitrakvi
ENSG00000124181,Vitrakvi
ENSG00000127329,Vitrakvi
ENSG00000135333,Vitrakvi
ENSG00000140538,Vitrakvi
ENSG00000145675,Vitrakvi
ENSG00000146648,Vitrakvi
ENSG00000162733,Vitrakvi
ENSG00000198400,Vitrakvi
ENSG00000206503,Vitrakvi
ENSG00000096384,Alecensa
ENSG00000107882,Alecensa
ENSG00000110395,Alecensa
ENSG00000124181,Alecensa
ENSG00000127329,Alecensa
ENSG00000160867,Alecensa
ENSG00000164305,Alecensa
ENSG00000168610,Alecensa
ENSG00000002834,Truseltiq
ENSG00000039068,Truseltiq
ENSG00000065361,Truseltiq
ENSG00000068078,Truseltiq
ENSG00000077782,Truseltiq
ENSG00000096384,Truseltiq
ENSG00000099956,Truseltiq
ENSG00000102145,Truseltiq
ENSG00000106462,Truseltiq
ENSG00000107485,Truseltiq
ENSG00000123388,Truseltiq
ENSG00000124181,Truseltiq
ENSG00000124762,Truseltiq
ENSG00000127914,Truseltiq
ENSG00000136997,Truseltiq
ENSG00000139219,Truseltiq
ENSG00000145675,Truseltiq
ENSG00000147548,Truseltiq
ENSG00000160867,Truseltiq
ENSG00000165731,Truseltiq
ENSG00000168036,Truseltiq
ENSG00000168769,Truseltiq
ENSG00000177606,Truseltiq
ENSG00000178104,Truseltiq
ENSG00000179094,Truseltiq
ENSG00000179295,Truseltiq
ENSG00000179348,Truseltiq
ENSG00000184937,Truseltiq
ENSG00000197157,Truseltiq
ENSG00000065361,Piqray
ENSG00000145675,Piqray
ENSG00000067560,Lumakras
ENSG00000132155,Lumakras
ENSG00000067560,Krazati
ENSG00000132155,Krazati
ENSG00000002834,Balversa
ENSG00000039068,Balversa
ENSG00000066468,Balversa
ENSG00000077782,Balversa
ENSG00000096384,Balversa
ENSG00000099956,Balversa
ENSG00000102145,Balversa
ENSG00000106462,Balversa
ENSG00000107485,Balversa
ENSG00000123388,Balversa
ENSG00000124181,Balversa
ENSG00000124762,Balversa
ENSG00000127914,Balversa
ENSG00000136997,Balversa
ENSG00000139219,Balversa
ENSG00000145675,Balversa
ENSG00000147548,Balversa
ENSG00000160867,Balversa
ENSG00000165731,Balversa
ENSG00000168036,Balversa
ENSG00000168769,Balversa
ENSG00000177606,Balversa
ENSG00000178104,Balversa
ENSG00000179094,Balversa
ENSG00000179295,Balversa
ENSG00000179348,Balversa
ENSG00000184937,Balversa
ENSG00000197157,Balversa
ENSG00000091831,Zykadia
ENSG00000096384,Zykadia
ENSG00000104408,Zykadia
ENSG00000107882,Zykadia
ENSG00000127329,Zykadia
ENSG00000135679,Zykadia
ENSG00000141510,Zykadia
ENSG00000147889,Zykadia
ENSG00000164362,Zykadia
ENSG00000181163,Zykadia
ENSG00000198900,Zykadia
ENSG00000005339,Nubeqa
ENSG00000010671,Nubeqa
ENSG00000084676,Nubeqa
ENSG00000089280,Nubeqa
ENSG00000097007,Nubeqa
ENSG00000101213,Nubeqa
ENSG00000106462,Nubeqa
ENSG00000109685,Nubeqa
ENSG00000110092,Nubeqa
ENSG00000118058,Nubeqa
ENSG00000124181,Nubeqa
ENSG00000129514,Nubeqa
ENSG00000136504,Nubeqa
ENSG00000136826,Nubeqa
ENSG00000140396,Nubeqa
ENSG00000141027,Nubeqa
ENSG00000141867,Nubeqa
ENSG00000141968,Nubeqa
ENSG00000143322,Nubeqa
ENSG00000145675,Nubeqa
ENSG00000157554,Nubeqa
ENSG00000159388,Nubeqa
ENSG00000165025,Nubeqa
ENSG00000167548,Nubeqa
ENSG00000168036,Nubeqa
ENSG00000179295,Nubeqa
ENSG00000182511,Nubeqa
ENSG00000182866,Nubeqa
ENSG00000184634,Nubeqa
ENSG00000197122,Nubeqa
ENSG00000204209,Nubeqa
ENSG00000254087,Nubeqa
ENSG00000005339,Erleada
ENSG00000010671,Erleada
ENSG00000084676,Erleada
ENSG00000089280,Erleada
ENSG00000097007,Erleada
ENSG00000101213,Erleada
ENSG00000106462,Erleada
ENSG00000109685,Erleada
ENSG00000110092,Erleada
ENSG00000118058,Erleada
ENSG00000124181,Erleada
ENSG00000129514,Erleada
ENSG00000136504,Erleada
ENSG00000136826,Erleada
ENSG00000140396,Erleada
ENSG00000141027,Erleada
ENSG00000141867,Erleada
ENSG00000141968,Erleada
ENSG00000143322,Erleada
ENSG00000145675,Erleada
ENSG00000157554,Erleada
ENSG00000159388,Erleada
ENSG00000165025,Erleada
ENSG00000167548,Erleada
ENSG00000168036,Erleada
ENSG00000179295,Erleada
ENSG00000182511,Erleada
ENSG00000182866,Erleada
ENSG00000184634,Erleada
ENSG00000197122,Erleada
ENSG00000204209,Erleada
ENSG00000254087,Erleada
ENSG00000078061,Cotellic
ENSG00000100030,Cotellic
ENSG00000108953,Cotellic
ENSG00000078061,Mektovi
ENSG00000100030,Mektovi
ENSG00000108953,Mektovi
ENSG00000105568,Retevmo
ENSG00000108091,Retevmo
ENSG00000109670,Retevmo
ENSG00000110395,Retevmo
ENSG00000124181,Retevmo
ENSG00000160867,Retevmo
ENSG00000164305,Retevmo
ENSG00000168610,Retevmo
ENSG00000170759,Retevmo
ENSG00000081237,Rozlytrek
ENSG00000096384,Rozlytrek
ENSG00000111679,Rozlytrek
ENSG00000124181,Rozlytrek
ENSG00000127329,Rozlytrek
ENSG00000135333,Rozlytrek
ENSG00000140538,Rozlytrek
ENSG00000145675,Rozlytrek
ENSG00000162733,Rozlytrek
ENSG00000206503,Rozlytrek
ENSG00000010671,Tepmetko
ENSG00000081237,Tepmetko
ENSG00000101213,Tepmetko
ENSG00000110395,Tepmetko
ENSG00000111252,Tepmetko
ENSG00000113263,Tepmetko
ENSG00000124181,Tepmetko
ENSG00000127329,Tepmetko
ENSG00000135605,Tepmetko
ENSG00000140538,Tepmetko
ENSG00000143322,Tepmetko
ENSG00000145675,Tepmetko
ENSG00000152894,Tepmetko
ENSG00000165025,Tepmetko
ENSG00000179295,Tepmetko
ENSG00000182511,Tepmetko
ENSG00000182866,Tepmetko
ENSG00000185338,Tepmetko
ENSG00000197122,Tepmetko
ENSG00000254087,Tepmetko
ENSG00000010671,Tabrecta
ENSG00000081237,Tabrecta
ENSG00000101213,Tabrecta
ENSG00000110395,Tabrecta
ENSG00000111252,Tabrecta
ENSG00000113263,Tabrecta
ENSG00000124181,Tabrecta
ENSG00000127329,Tabrecta
ENSG00000135605,Tabrecta
ENSG00000140538,Tabrecta
ENSG00000143322,Tabrecta
ENSG00000145675,Tabrecta
ENSG00000152894,Tabrecta
ENSG00000165025,Tabrecta
ENSG00000179295,Tabrecta
ENSG00000182511,Tabrecta
ENSG00000182866,Tabrecta
ENSG00000185338,Tabrecta
ENSG00000197122,Tabrecta
ENSG00000254087,Tabrecta
ENSG00000078061,Braftovi
ENSG00000095015,Braftovi
ENSG00000096384,Braftovi
ENSG00000108953,Braftovi
ENSG00000133703,Braftovi
ENSG00000174775,Braftovi
ENSG00000039068,Tagrisso
ENSG00000044115,Tagrisso
ENSG00000065361,Tagrisso
ENSG00000080824,Tagrisso
ENSG00000081237,Tagrisso
ENSG00000091831,Tagrisso
ENSG00000092820,Tagrisso
ENSG00000096384,Tagrisso
ENSG00000096968,Tagrisso
ENSG00000097007,Tagrisso
ENSG00000101213,Tagrisso
ENSG00000110395,Tagrisso
ENSG00000111252,Tagrisso
ENSG00000111679,Tagrisso
ENSG00000113263,Tagrisso
ENSG00000124181,Tagrisso
ENSG00000127329,Tagrisso
ENSG00000132155,Tagrisso
ENSG00000133124,Tagrisso
ENSG00000134853,Tagrisso
ENSG00000137193,Tagrisso
ENSG00000138363,Tagrisso
ENSG00000138698,Tagrisso
ENSG00000141968,Tagrisso
ENSG00000142208,Tagrisso
ENSG00000143294,Tagrisso
ENSG00000143322,Tagrisso
ENSG00000144554,Tagrisso
ENSG00000145675,Tagrisso
ENSG00000153707,Tagrisso
ENSG00000165025,Tagrisso
ENSG00000168036,Tagrisso
ENSG00000168610,Tagrisso
ENSG00000179295,Tagrisso
ENSG00000182511,Tagrisso
ENSG00000185499,Tagrisso
ENSG00000197122,Tagrisso
ENSG00000198561,Tagrisso
ENSG00000254087,Tagrisso
ENSG00000039068,Portrazza
ENSG00000044115,Portrazza
ENSG00000065361,Portrazza
ENSG00000080824,Portrazza
ENSG00000081237,Portrazza
ENSG00000091831,Portrazza
ENSG00000092820,Portrazza
ENSG00000096384,Portrazza
ENSG00000096968,Portrazza
ENSG00000097007,Portrazza
ENSG00000101213,Portrazza
ENSG00000110395,Portrazza
ENSG00000111252,Portrazza
ENSG00000111679,Portrazza
ENSG00000113263,Portrazza
ENSG00000124181,Portrazza
ENSG00000127329,Portrazza
ENSG00000132155,Portrazza
ENSG00000133124,Portrazza
ENSG00000134853,Portrazza
ENSG00000137193,Portrazza
ENSG00000138363,Portrazza
ENSG00000138698,Portrazza
ENSG00000141968,Portrazza
ENSG00000142208,Portrazza
ENSG00000143294,Portrazza
ENSG00000143322,Portrazza
ENSG00000144554,Portrazza
ENSG00000145675,Portrazza
ENSG00000153707,Portrazza
ENSG00000165025,Portrazza
ENSG00000168036,Portrazza
ENSG00000168610,Portrazza
ENSG00000179295,Portrazza
ENSG00000182511,Portrazza
ENSG00000185499,Portrazza
ENSG00000197122,Portrazza
ENSG00000198561,Portrazza
ENSG00000254087,Portrazza
ENSG00000039068,Exkivity
ENSG00000044115,Exkivity
ENSG00000065361,Exkivity
ENSG00000080824,Exkivity
ENSG00000081237,Exkivity
ENSG00000091831,Exkivity
ENSG00000092820,Exkivity
ENSG00000096384,Exkivity
ENSG00000096968,Exkivity
ENSG00000097007,Exkivity
ENSG00000101213,Exkivity
ENSG00000110395,Exkivity
ENSG00000111252,Exkivity
ENSG00000111679,Exkivity
ENSG00000113263,Exkivity
ENSG00000124181,Exkivity
ENSG00000127329,Exkivity
ENSG00000132155,Exkivity
ENSG00000133124,Exkivity
ENSG00000134853,Exkivity
ENSG00000137193,Exkivity
ENSG00000138363,Exkivity
ENSG00000138698,Exkivity
ENSG00000141968,Exkivity
ENSG00000142208,Exkivity
ENSG00000143294,Exkivity
ENSG00000143322,Exkivity
ENSG00000144554,Exkivity
ENSG00000145675,Exkivity
ENSG00000153707,Exkivity
ENSG00000165025,Exkivity
ENSG00000168036,Exkivity
ENSG00000168610,Exkivity
ENSG00000179295,Exkivity
ENSG00000182511,Exkivity
ENSG00000185499,Exkivity
ENSG00000197122,Exkivity
ENSG00000198561,Exkivity
ENSG00000254087,Exkivity
ENSG00000039068,Alunbrig
ENSG00000044115,Alunbrig
ENSG00000065361,Alunbrig
ENSG00000080824,Alunbrig
ENSG00000081237,Alunbrig
ENSG00000091831,Alunbrig
ENSG00000092820,Alunbrig
ENSG00000096384,Alunbrig
ENSG00000096968,Alunbrig
ENSG00000097007,Alunbrig
ENSG00000101213,Alunbrig
ENSG00000110395,Alunbrig
ENSG00000111252,Alunbrig
ENSG00000111679,Alunbrig
ENSG00000113263,Alunbrig
ENSG00000124181,Alunbrig
ENSG00000127329,Alunbrig
ENSG00000132155,Alunbrig
ENSG00000133124,Alunbrig
ENSG00000134853,Alunbrig
ENSG00000137193,Alunbrig
ENSG00000138363,Alunbrig
ENSG00000138698,Alunbrig
ENSG00000141968,Alunbrig
ENSG00000142208,Alunbrig
ENSG00000143294,Alunbrig
ENSG00000143322,Alunbrig
ENSG00000144554,Alunbrig
ENSG00000145675,Alunbrig
ENSG00000153707,Alunbrig
ENSG00000165025,Alunbrig
ENSG00000168036,Alunbrig
ENSG00000168610,Alunbrig
ENSG00000179295,Alunbrig
ENSG00000182511,Alunbrig
ENSG00000185499,Alunbrig
ENSG00000197122,Alunbrig
ENSG00000198561,Alunbrig
ENSG00000254087,Alunbrig
ENSG00000039068,Vizimpro
ENSG00000044115,Vizimpro
ENSG00000065361,Vizimpro
ENSG00000072274,Vizimpro
ENSG00000080824,Vizimpro
ENSG00000081237,Vizimpro
ENSG00000082898,Vizimpro
ENSG00000085832,Vizimpro
ENSG00000091831,Vizimpro
ENSG00000092820,Vizimpro
ENSG00000096384,Vizimpro
ENSG00000096968,Vizimpro
ENSG00000097007,Vizimpro
ENSG00000101213,Vizimpro
ENSG00000110395,Vizimpro
ENSG00000111252,Vizimpro
ENSG00000111679,Vizimpro
ENSG00000113263,Vizimpro
ENSG00000123983,Vizimpro
ENSG00000124181,Vizimpro
ENSG00000127329,Vizimpro
ENSG00000132155,Vizimpro
ENSG00000133124,Vizimpro
ENSG00000134853,Vizimpro
ENSG00000135605,Vizimpro
ENSG00000137193,Vizimpro
ENSG00000138363,Vizimpro
ENSG00000138698,Vizimpro
ENSG00000141968,Vizimpro
ENSG00000142208,Vizimpro
ENSG00000143294,Vizimpro
ENSG00000143322,Vizimpro
ENSG00000144554,Vizimpro
ENSG00000145675,Vizimpro
ENSG00000152894,Vizimpro
ENSG00000153201,Vizimpro
ENSG00000153707,Vizimpro
ENSG00000162434,Vizimpro
ENSG00000163399,Vizimpro
ENSG00000165025,Vizimpro
ENSG00000168036,Vizimpro
ENSG00000168610,Vizimpro
ENSG00000179295,Vizimpro
ENSG00000182511,Vizimpro
ENSG00000185338,Vizimpro
ENSG00000185499,Vizimpro
ENSG00000197122,Vizimpro
ENSG00000198561,Vizimpro
ENSG00000254087,Vizimpro
ENSG00000039068,Gilotrif
ENSG00000044115,Gilotrif
ENSG00000065361,Gilotrif
ENSG00000072274,Gilotrif
ENSG00000080824,Gilotrif
ENSG00000081237,Gilotrif
ENSG00000082898,Gilotrif
ENSG00000085832,Gilotrif
ENSG00000091831,Gilotrif
ENSG00000092820,Gilotrif
ENSG00000096384,Gilotrif
ENSG00000096968,Gilotrif
ENSG00000097007,Gilotrif
ENSG00000101213,Gilotrif
ENSG00000110395,Gilotrif
ENSG00000111252,Gilotrif
ENSG00000111679,Gilotrif
ENSG00000113263,Gilotrif
ENSG00000123983,Gilotrif
ENSG00000124181,Gilotrif
ENSG00000127329,Gilotrif
ENSG00000132155,Gilotrif
ENSG00000133124,Gilotrif
ENSG00000134853,Gilotrif
ENSG00000135605,Gilotrif
ENSG00000137193,Gilotrif
ENSG00000138363,Gilotrif
ENSG00000138698,Gilotrif
ENSG00000141968,Gilotrif
ENSG00000142208,Gilotrif
ENSG00000143294,Gilotrif
ENSG00000143322,Gilotrif
ENSG00000144554,Gilotrif
ENSG00000145675,Gilotrif
ENSG00000152894,Gilotrif
ENSG00000153201,Gilotrif
ENSG00000153707,Gilotrif
ENSG00000162434,Gilotrif
ENSG00000163399,Gilotrif
ENSG00000165025,Gilotrif
ENSG00000168036,Gilotrif
ENSG00000168610,Gilotrif
ENSG00000179295,Gilotrif
ENSG00000182511,Gilotrif
ENSG00000185338,Gilotrif
ENSG00000185499,Gilotrif
ENSG00000197122,Gilotrif
ENSG00000198561,Gilotrif
ENSG00000254087,Gilotrif
ENSG00000010671,Rybrevant
ENSG00000039068,Rybrevant
ENSG00000044115,Rybrevant
ENSG00000065361,Rybrevant
ENSG00000080824,Rybrevant
ENSG00000081237,Rybrevant
ENSG00000091831,Rybrevant
ENSG00000092820,Rybrevant
ENSG00000096384,Rybrevant
ENSG00000096968,Rybrevant
ENSG00000097007,Rybrevant
ENSG00000101213,Rybrevant
ENSG00000110395,Rybrevant
ENSG00000111252,Rybrevant
ENSG00000111679,Rybrevant
ENSG00000113263,Rybrevant
ENSG00000124181,Rybrevant
ENSG00000127329,Rybrevant
ENSG00000132155,Rybrevant
ENSG00000133124,Rybrevant
ENSG00000134853,Rybrevant
ENSG00000135605,Rybrevant
ENSG00000137193,Rybrevant
ENSG00000138363,Rybrevant
ENSG00000138698,Rybrevant
ENSG00000140538,Rybrevant
ENSG00000141968,Rybrevant
ENSG00000142208,Rybrevant
ENSG00000143294,Rybrevant
ENSG00000143322,Rybrevant
ENSG00000144554,Rybrevant
ENSG00000145675,Rybrevant
ENSG00000152894,Rybrevant
ENSG00000153707,Rybrevant
ENSG00000165025,Rybrevant
ENSG00000168036,Rybrevant
ENSG00000168610,Rybrevant
ENSG00000179295,Rybrevant
ENSG00000182511,Rybrevant
ENSG00000182866,Rybrevant
ENSG00000185338,Rybrevant
ENSG00000185499,Rybrevant
ENSG00000197122,Rybrevant
ENSG00000198561,Rybrevant
ENSG00000254087,Rybrevant
ENSG00000160323,Cablivi
ENSG00000134086,Welireg
ENSG00000185010,Hemlibra
NA,Revcovi
ENSG00000169919,Mepsevii
ENSG00000164172,Nulibry
NA,Vimizim
ENSG00000118271,Onpattro
ENSG00000118271,Tegsedi
NA,Galafold
NA,Nexviazyme
ENSG00000004700,Rubraca
ENSG00000004700,Lynparza
NA,Xenpozyme
NA,Strensiq
ENSG00000134571,Camzyos
ENSG00000145675,Tresiba
ENSG00000254647,Tresiba
ENSG00000123349,Elahere
ENSG00000101412,Zejula
NA,Lonsurf
ENSG00000084774,Blenrep
ENSG00000133112,Blenrep
ENSG00000169554,Farydak
ENSG00000198176,Farydak
NA,Xpovio
ENSG00000113712,Pomalyst
ENSG00000130725,Pomalyst
ENSG00000067225,Cyramza
ENSG00000101412,Rubraca
ENSG00000101412,Lynparza
ENSG00000075624,Fluoroestradiol F-18
ENSG00000109971,Fluoroestradiol F-18
ENSG00000113575,Gavreto
ENSG00000071894,Zykadia
ENSG00000115163,Zykadia
ENSG00000113575,Retevmo
ENSG00000160691,Rozlytrek
ENSG00000160691,Tepmetko
ENSG00000177885,Tepmetko
ENSG00000160691,Tabrecta
ENSG00000177885,Tabrecta
ENSG00000160691,Tagrisso
ENSG00000172757,Tagrisso
ENSG00000177885,Tagrisso
ENSG00000160691,Portrazza
ENSG00000172757,Portrazza
ENSG00000177885,Portrazza
ENSG00000160691,Exkivity
ENSG00000172757,Exkivity
ENSG00000177885,Exkivity
ENSG00000160691,Alunbrig
ENSG00000172757,Alunbrig
ENSG00000177885,Alunbrig
ENSG00000075624,Vizimpro
ENSG00000160691,Vizimpro
ENSG00000172757,Vizimpro
ENSG00000177885,Vizimpro
ENSG00000075624,Gilotrif
ENSG00000160691,Gilotrif
ENSG00000172757,Gilotrif
ENSG00000177885,Gilotrif
ENSG00000160691,Rybrevant
ENSG00000172757,Rybrevant
ENSG00000177885,Rybrevant
ENSG00000160791,Trogarzo
ENSG00000138622,Corlanor
ENSG00000244414,Ultomiris
NA,Crysvita
NA,Briviact
NA,Pyrukynd
ENSG00000130203,Flortaucipir F-18
ENSG00000142192,Flortaucipir F-18
ENSG00000186868,Flortaucipir F-18
ENSG00000112964,Skytrofa
ENSG00000162337,Evenity
ENSG00000204388,Breo Ellipta
ENSG00000204389,Breo Ellipta
NA,Mulpleta
NA,Doptelet
ENSG00000152266,Natpara
ENSG00000118271,Vyndaqel
ENSG00000173250,Ingrezza
ENSG00000130164,Kynamro
ENSG00000077238,Dupixent
ENSG00000166206,Ztalmy
ENSG00000121853,Macrilen
ENSG00000112964,Sogroya
ENSG00000113327,Diacomit
NA,Kanuma
NA,Brineura
ENSG00000101400,Viltepso
ENSG00000101400,Vyondys 53
ENSG00000101400,Exondys 51
ENSG00000101400,Amondys 45
ENSG00000036828,Parsabiv
ENSG00000118271,Amvuttra
ENSG00000001626,Orkambi
ENSG00000001626,Trikafta
ENSG00000107290,Evrysdi
ENSG00000172062,Evrysdi
ENSG00000205571,Evrysdi
ENSG00000107290,Spinraza
ENSG00000172062,Spinraza
ENSG00000205571,Spinraza
ENSG00000022355,Xcopri
ENSG00000102466,Xcopri
ENSG00000105711,Xcopri
ENSG00000113327,Xcopri
ENSG00000114279,Xcopri
ENSG00000166206,Xcopri
ENSG00000102466,Aptiom
ENSG00000105711,Aptiom
ENSG00000114279,Aptiom
ENSG00000001626,Symdeko
ENSG00000001626,Trikafta
ENSG00000080815,Aduhelm
ENSG00000130203,Aduhelm
ENSG00000137642,Aduhelm
ENSG00000137845,Aduhelm
ENSG00000142192,Aduhelm
ENSG00000143801,Aduhelm
ENSG00000186868,Aduhelm
ENSG00000080815,Vizamyl
ENSG00000130203,Vizamyl
ENSG00000137642,Vizamyl
ENSG00000137845,Vizamyl
ENSG00000142192,Vizamyl
ENSG00000143801,Vizamyl
ENSG00000186868,Vizamyl
ENSG00000080815,Neuraceq
ENSG00000130203,Neuraceq
ENSG00000137642,Neuraceq
ENSG00000137845,Neuraceq
ENSG00000142192,Neuraceq
ENSG00000143801,Neuraceq
ENSG00000186868,Neuraceq
ENSG00000001626,Symdeko
ENSG00000001626,Trikafta
ENSG00000001626,Orkambi
ENSG00000117461,Piqray
ENSG00000169047,Tresiba
ENSG00000171105,Tresiba
ENSG00000197594,Tresiba
ENSG00000162434,Besremi
ENSG00000174775,Copiktra
ENSG00000068024,Farydak
ENSG00000172936,Farydak
ENSG00000174197,Farydak
ENSG00000276903,Farydak
ENSG00000278677,Farydak
NA,Viltepso
NA,Vyondys 53
NA,Exondys 51
NA,Amondys 45
NA,Xcopri
NA,Aptiom
ENSG00000082512,Ninlaro
ENSG00000106615,Balversa
ENSG00000125686,Nubeqa
ENSG00000125686,Erleada
ENSG00000115904,Tagrisso
ENSG00000115904,Portrazza
ENSG00000115904,Exkivity
ENSG00000115904,Alunbrig
ENSG00000115904,Vizimpro
ENSG00000115904,Gilotrif
ENSG00000115904,Rybrevant
ENSG00000022355,Ztalmy
ENSG00000117601,Bevyxxa
ENSG00000117601,Savaysa
NA,Zurampic
ENSG00000096968,Mulpleta
ENSG00000096968,Doptelet
ENSG00000134352,Cibinqo
NA,Sylvant
NA,Diacomit
ENSG00000244734,Oxbryta
ENSG00000134817,Entresto
ENSG00000155659,Empaveli
ENSG00000149295,Nourianz
ENSG00000183918,Empliciti
ENSG00000109101,Inqovi
ENSG00000102466,Xadago
ENSG00000163050,Xadago
ENSG00000142192,Oxervate
ENSG00000146648,Oxervate
ENSG00000115415,Besremi
ENSG00000087494,Tymlos
ENSG00000012124,Tavalisse
ENSG00000142192,Tavalisse
ENSG00000162711,Tavalisse
ENSG00000171867,Northera
ENSG00000185359,Northera
ENSG00000197971,Northera
ENSG00000102678,Ofev
ENSG00000111679,Ofev
ENSG00000125968,Ofev
ENSG00000197461,Ofev
ENSG00000115415,Cibinqo
ENSG00000159110,Cibinqo
ENSG00000115085,Tecvayli
ENSG00000213658,Tecvayli
ENSG00000134982,Ukoniq
ENSG00000197822,Ukoniq
NA,Austedo
ENSG00000164116,Adempas
NA,Isturisa
NA,Bylvay
NA,Orilissa
ENSG00000099250,Vabysmo
ENSG00000099250,Beovu
ENSG00000027697,Gamifant
ENSG00000175445,Evkeeza
NA,Voxzogo
ENSG00000103266,Ongentys
ENSG00000109501,Ongentys
NA,Zydelig
ENSG00000211899,Zynlonta
NA,Brintellix
ENSG00000142192,Blenrep
ENSG00000197635,Nesina
ENSG00000157087,Emgality
ENSG00000157087,Ajovy
ENSG00000157087,Vyepti
NA,Imcivree
NA,Azstarys
NA,Azstarys
ENSG00000117601,Hemlibra
ENSG00000105287,Farydak
ENSG00000109320,Farydak
ENSG00000128340,Farydak
ENSG00000131910,Farydak
ENSG00000142599,Farydak
ENSG00000162924,Farydak
ENSG00000167604,Farydak
ENSG00000117560,Brukinsa
ENSG00000117560,Imbruvica
ENSG00000117560,Calquence
ENSG00000109320,Pomalyst
ENSG00000115415,Pomalyst
ENSG00000116678,Myalept
ENSG00000174697,Myalept
ENSG00000179295,Myalept
ENSG00000123496,Adbry
ENSG00000131724,Adbry
ENSG00000070018,Evenity
ENSG00000102468,Nuplazid
ENSG00000118432,Nuplazid
ENSG00000147246,Nuplazid
ENSG00000164082,Nuplazid
NA,Breo Ellipta
NA,Ozempic
NA,Trulicity
NA,Tanzeum
ENSG00000139626,Entyvio
NA,Adlyxin
ENSG00000087494,Natpara
ENSG00000168036,Natpara
ENSG00000119614,Vyndaqel
ENSG00000128272,Vyndaqel
ENSG00000132016,Vyndaqel
ENSG00000138207,Vyndaqel
ENSG00000139372,Vyndaqel
ENSG00000142192,Vyndaqel
ENSG00000166595,Vyndaqel
ENSG00000198959,Vyndaqel
ENSG00000139514,Ingrezza
ENSG00000180871,Ingrezza
ENSG00000162975,Lybalvi
ENSG00000138823,Kynamro
ENSG00000111679,Dupixent
ENSG00000113520,Dupixent
ENSG00000131724,Dupixent
ENSG00000166888,Dupixent
NA,Mounjaro
ENSG00000198945,Inqovi
ENSG00000078369,Vraylar
ENSG00000118432,Vraylar
ENSG00000128271,Vraylar
ENSG00000142319,Vraylar
ENSG00000147955,Vraylar
ENSG00000162946,Vraylar
ENSG00000096968,Olumiant
ENSG00000100368,Olumiant
ENSG00000134352,Olumiant
ENSG00000162434,Olumiant
ENSG00000049323,Reblozyl
ENSG00000076248,Reblozyl
ENSG00000105329,Reblozyl
ENSG00000105991,Reblozyl
ENSG00000138615,Reblozyl
ENSG00000151615,Reblozyl
ENSG00000163430,Reblozyl
ENSG00000116678,Macrilen
ENSG00000196396,Sogroya
ENSG00000078369,Aristada
ENSG00000102468,Aristada
ENSG00000118432,Aristada
ENSG00000128271,Aristada
ENSG00000142319,Aristada
ENSG00000147246,Aristada
ENSG00000147955,Aristada
ENSG00000162946,Aristada
ENSG00000164082,Aristada
ENSG00000130656,Oxbryta
ENSG00000169877,Oxbryta
ENSG00000176155,Oxbryta
ENSG00000188536,Oxbryta
ENSG00000206172,Oxbryta
ENSG00000078369,Lybalvi
ENSG00000102468,Lybalvi
ENSG00000118432,Lybalvi
ENSG00000128271,Lybalvi
ENSG00000142192,Lybalvi
ENSG00000142319,Lybalvi
ENSG00000147246,Lybalvi
ENSG00000147955,Lybalvi
ENSG00000162946,Lybalvi
ENSG00000164082,Lybalvi
ENSG00000180720,Lybalvi
ENSG00000096968,Rinvoq
ENSG00000100368,Rinvoq
ENSG00000105639,Rinvoq
ENSG00000134352,Rinvoq
ENSG00000162434,Rinvoq
ENSG00000078369,Caplyta
ENSG00000102468,Caplyta
ENSG00000118432,Caplyta
ENSG00000128271,Caplyta
ENSG00000142319,Caplyta
ENSG00000147246,Caplyta
ENSG00000147955,Caplyta
ENSG00000162946,Caplyta
ENSG00000164082,Caplyta
ENSG00000170421,Orkambi
ENSG00000253729,Orkambi
ENSG00000170421,Trikafta
ENSG00000253729,Trikafta
ENSG00000079805,Evrysdi
ENSG00000169057,Evrysdi
ENSG00000182004,Evrysdi
ENSG00000187191,Evrysdi
ENSG00000197386,Evrysdi
ENSG00000204410,Evrysdi
ENSG00000079805,Spinraza
ENSG00000169057,Spinraza
ENSG00000182004,Spinraza
ENSG00000187191,Spinraza
ENSG00000197386,Spinraza
ENSG00000204410,Spinraza
ENSG00000078369,Rexulti
ENSG00000102468,Rexulti
ENSG00000118432,Rexulti
ENSG00000128271,Rexulti
ENSG00000142319,Rexulti
ENSG00000147246,Rexulti
ENSG00000147955,Rexulti
ENSG00000162946,Rexulti
ENSG00000164082,Rexulti
ENSG00000170421,Symdeko
ENSG00000170421,Trikafta
ENSG00000253729,Symdeko
ENSG00000253729,Trikafta
ENSG00000112182,Ninlaro
ENSG00000123143,Ninlaro
ENSG00000124508,Ninlaro
ENSG00000134504,Ninlaro
ENSG00000142192,Ninlaro
ENSG00000162924,Ninlaro
ENSG00000167604,Ninlaro
ENSG00000197943,Ninlaro
ENSG00000070808,Aduhelm
ENSG00000132535,Aduhelm
ENSG00000070808,Vizamyl
ENSG00000132535,Vizamyl
ENSG00000070808,Neuraceq
ENSG00000132535,Neuraceq
ENSG00000134215,Fotivda
ENSG00000170421,Symdeko
ENSG00000170421,Trikafta
ENSG00000170421,Orkambi
ENSG00000253729,Symdeko
ENSG00000253729,Trikafta
ENSG00000253729,Orkambi
ENSG00000049130,Qinlock
ENSG00000049130,Ayvakit
ENSG00000145715,Xospata
ENSG00000149177,Vitrakvi
ENSG00000254093,Zykadia
ENSG00000075624,Tresiba
ENSG00000081237,Tresiba
ENSG00000106070,Tresiba
ENSG00000135439,Tresiba
ENSG00000178188,Tresiba
ENSG00000179295,Tresiba
ENSG00000185950,Tresiba
ENSG00000196396,Tresiba
ENSG00000101336,Tepmetko
ENSG00000101336,Tabrecta
ENSG00000044574,Tagrisso
ENSG00000101336,Tagrisso
ENSG00000110711,Tagrisso
ENSG00000117450,Tagrisso
ENSG00000126581,Tagrisso
ENSG00000196154,Tagrisso
ENSG00000044574,Portrazza
ENSG00000101336,Portrazza
ENSG00000110711,Portrazza
ENSG00000117450,Portrazza
ENSG00000126581,Portrazza
ENSG00000196154,Portrazza
ENSG00000044574,Exkivity
ENSG00000101336,Exkivity
ENSG00000110711,Exkivity
ENSG00000117450,Exkivity
ENSG00000126581,Exkivity
ENSG00000196154,Exkivity
ENSG00000044574,Alunbrig
ENSG00000101336,Alunbrig
ENSG00000110711,Alunbrig
ENSG00000117450,Alunbrig
ENSG00000126581,Alunbrig
ENSG00000196154,Alunbrig
ENSG00000044574,Vizimpro
ENSG00000101336,Vizimpro
ENSG00000110711,Vizimpro
ENSG00000117450,Vizimpro
ENSG00000126581,Vizimpro
ENSG00000196154,Vizimpro
ENSG00000044574,Gilotrif
ENSG00000101336,Gilotrif
ENSG00000110711,Gilotrif
ENSG00000117450,Gilotrif
ENSG00000126581,Gilotrif
ENSG00000196154,Gilotrif
ENSG00000044574,Rybrevant
ENSG00000101336,Rybrevant
ENSG00000110711,Rybrevant
ENSG00000117450,Rybrevant
ENSG00000126581,Rybrevant
ENSG00000196154,Rybrevant
ENSG00000169083,Farydak
ENSG00000065361,Pemazyre
ENSG00000145675,Pemazyre
ENSG00000100906,Ninlaro
ENSG00000131323,Ninlaro
ENSG00000104783,Orkambi
ENSG00000132912,Orkambi
ENSG00000174502,Orkambi
ENSG00000240972,Orkambi
ENSG00000104783,Trikafta
ENSG00000132912,Trikafta
ENSG00000174502,Trikafta
ENSG00000240972,Trikafta
ENSG00000104783,Symdeko
ENSG00000104783,Trikafta
ENSG00000132912,Symdeko
ENSG00000132912,Trikafta
ENSG00000174502,Symdeko
ENSG00000174502,Trikafta
ENSG00000240972,Symdeko
ENSG00000240972,Trikafta
ENSG00000104783,Symdeko
ENSG00000104783,Trikafta
ENSG00000104783,Orkambi
ENSG00000132912,Symdeko
ENSG00000132912,Trikafta
ENSG00000132912,Orkambi
ENSG00000174502,Symdeko
ENSG00000174502,Trikafta
ENSG00000174502,Orkambi
ENSG00000240972,Symdeko
ENSG00000240972,Trikafta
ENSG00000240972,Orkambi
ENSG00000110680,Ubrelvy
ENSG00000165025,Tzield
ENSG00000091831,Annovera
ENSG00000110680,Nurtec ODT
ENSG00000110848,Ponvory
ENSG00000110848,Zeposia
ENSG00000130164,Repatha
ENSG00000110680,Aimovig
ENSG00000091831,Nextstellis
ENSG00000110680,Qulipta
ENSG00000130164,Praluent
ENSG00000113369,Breo Ellipta
ENSG00000113369,Anoro Ellipta
ENSG00000163485,Breo Ellipta
ENSG00000163485,Anoro Ellipta
ENSG00000012048,Osphena
ENSG00000171490,Osphena
ENSG00000113369,Striverdi Respimat
ENSG00000163485,Striverdi Respimat
ENSG00000012048,Duavee
ENSG00000171490,Duavee
ENSG00000012048,Duavee
ENSG00000171490,Duavee
ENSG00000105397,Saphnelo
ENSG00000115415,Saphnelo
ENSG00000168036,Tymlos
ENSG00000107338,Winlevi
ENSG00000110092,Winlevi
ENSG00000116288,Winlevi
ENSG00000134817,Giapreza
ENSG00000139053,Giapreza
ENSG00000143153,Giapreza
ENSG00000091831,Talzenna
ENSG00000140320,Ofev
ENSG00000110092,Kisqali
ENSG00000179750,Kisqali
ENSG00000110092,Verzenio
ENSG00000179750,Verzenio
ENSG00000148702,Zejula
NA,Axumin
ENSG00000158092,Tecvayli
ENSG00000170581,Sotyktu
NA,Bevyxxa
ENSG00000091831,Annovera
NA,Anoro Ellipta
NA,Yupelri
ENSG00000112715,Vabysmo
ENSG00000112715,Beovu
NA,Savaysa
ENSG00000099377,Ongentys
NA,Kevzara
ENSG00000159224,Nesina
ENSG00000169248,Nesina
NA,Tezspire
ENSG00000110680,Emgality
ENSG00000110680,Ajovy
ENSG00000110680,Vyepti
ENSG00000149295,Azstarys
ENSG00000152214,Azstarys
ENSG00000149295,Azstarys
ENSG00000152214,Azstarys
ENSG00000110092,Ibrance
ENSG00000179750,Ibrance
ENSG00000136717,Flortaucipir F-18
ENSG00000130164,Leqvio
ENSG00000169174,Leqvio
NA,Adbry
ENSG00000134470,Zinbryta
ENSG00000244411,Zinbryta
ENSG00000080824,Breo Ellipta
ENSG00000175793,Breo Ellipta
ENSG00000115232,Entyvio
ENSG00000136754,Entyvio
ENSG00000110944,Ilumya
ENSG00000113302,Ilumya
ENSG00000162594,Ilumya
ENSG00000110944,Skyrizi
ENSG00000113302,Skyrizi
ENSG00000162594,Skyrizi
ENSG00000110944,Tremfya
ENSG00000113302,Tremfya
ENSG00000162594,Tremfya
ENSG00000103042,Lybalvi
ENSG00000132965,Lybalvi
ENSG00000174437,Lybalvi
ENSG00000205279,Lybalvi
ENSG00000061918,Verquvo
ENSG00000164116,Verquvo
ENSG00000159224,Mounjaro
ENSG00000149295,Vraylar
ENSG00000065361,Olumiant
ENSG00000115415,Olumiant
ENSG00000168610,Olumiant
ENSG00000030110,Venclexta
ENSG00000141682,Venclexta
ENSG00000153094,Venclexta
ENSG00000077782,Aristada
ENSG00000149295,Aristada
ENSG00000196565,Oxbryta
ENSG00000213931,Oxbryta
ENSG00000134640,Lybalvi
ENSG00000149295,Lybalvi
ENSG00000065361,Rinvoq
ENSG00000106541,Rinvoq
ENSG00000115415,Rinvoq
ENSG00000131196,Rinvoq
ENSG00000142166,Rinvoq
ENSG00000168610,Rinvoq
ENSG00000183386,Rinvoq
ENSG00000149295,Caplyta
ENSG00000091831,Nextstellis
ENSG00000104447,Nextstellis
ENSG00000132153,Nextstellis
ENSG00000135250,Nextstellis
ENSG00000135486,Nextstellis
ENSG00000138078,Nextstellis
ENSG00000143575,Nextstellis
ENSG00000155561,Nextstellis
ENSG00000158406,Nextstellis
ENSG00000162244,Nextstellis
ENSG00000167216,Nextstellis
ENSG00000171456,Nextstellis
ENSG00000171490,Nextstellis
ENSG00000197728,Nextstellis
ENSG00000148702,Rubraca
ENSG00000148702,Lynparza
ENSG00000134516,Fluoroestradiol F-18
ENSG00000135097,Fluoroestradiol F-18
ENSG00000186868,Fluoroestradiol F-18
ENSG00000077782,Rexulti
ENSG00000149295,Rexulti
ENSG00000057663,Ninlaro
ENSG00000168404,Ninlaro
ENSG00000007047,Aduhelm
ENSG00000073060,Aduhelm
ENSG00000120885,Aduhelm
ENSG00000120899,Aduhelm
ENSG00000121653,Aduhelm
ENSG00000129219,Aduhelm
ENSG00000131042,Aduhelm
ENSG00000138613,Aduhelm
ENSG00000163879,Aduhelm
ENSG00000165916,Aduhelm
ENSG00000168077,Aduhelm
ENSG00000007047,Vizamyl
ENSG00000073060,Vizamyl
ENSG00000120885,Vizamyl
ENSG00000120899,Vizamyl
ENSG00000121653,Vizamyl
ENSG00000128482,Vizamyl
ENSG00000129219,Vizamyl
ENSG00000131042,Vizamyl
ENSG00000138613,Vizamyl
ENSG00000139318,Vizamyl
ENSG00000163879,Vizamyl
ENSG00000165916,Vizamyl
ENSG00000168077,Vizamyl
ENSG00000007047,Neuraceq
ENSG00000073060,Neuraceq
ENSG00000120885,Neuraceq
ENSG00000120899,Neuraceq
ENSG00000121653,Neuraceq
ENSG00000128482,Neuraceq
ENSG00000129219,Neuraceq
ENSG00000131042,Neuraceq
ENSG00000138613,Neuraceq
ENSG00000139318,Neuraceq
ENSG00000163879,Neuraceq
ENSG00000165916,Neuraceq
ENSG00000168077,Neuraceq
ENSG00000124788,Piqray
ENSG00000169047,Piqray
ENSG00000142515,Nubeqa
ENSG00000145715,Nubeqa
ENSG00000160691,Nubeqa
ENSG00000266412,Nubeqa
ENSG00000142515,Erleada
ENSG00000145715,Erleada
ENSG00000160691,Erleada
ENSG00000266412,Erleada
ENSG00000124181,Tresiba
ENSG00000140443,Tresiba
ENSG00000149177,Tresiba
ENSG00000153233,Tresiba
ENSG00000136205,Tepmetko
ENSG00000136205,Tabrecta
ENSG00000136205,Tagrisso
ENSG00000136205,Portrazza
ENSG00000136205,Exkivity
ENSG00000136205,Alunbrig
ENSG00000136205,Vizimpro
ENSG00000136205,Gilotrif
ENSG00000136205,Rybrevant
ENSG00000082701,Fluoroestradiol F-18
ENSG00000105723,Fluoroestradiol F-18
ENSG00000067182,Tagrisso
ENSG00000115415,Tagrisso
ENSG00000170581,Tagrisso
ENSG00000067182,Portrazza
ENSG00000115415,Portrazza
ENSG00000170581,Portrazza
ENSG00000067182,Exkivity
ENSG00000115415,Exkivity
ENSG00000170581,Exkivity
ENSG00000067182,Alunbrig
ENSG00000115415,Alunbrig
ENSG00000170581,Alunbrig
ENSG00000067182,Vizimpro
ENSG00000115415,Vizimpro
ENSG00000170581,Vizimpro
ENSG00000067182,Gilotrif
ENSG00000115415,Gilotrif
ENSG00000170581,Gilotrif
ENSG00000067182,Rybrevant
ENSG00000115415,Rybrevant
ENSG00000170581,Rybrevant
ENSG00000006125,Libtayo
ENSG00000121594,Libtayo
ENSG00000006125,Opdualag
ENSG00000169550,Tecvayli
NA,Orgovyx
ENSG00000114416,Blenrep
ENSG00000163468,Blenrep
ENSG00000150991,Farydak
ENSG00000163468,Farydak
ENSG00000006125,Jemperli
ENSG00000142798,Cyramza
ENSG00000160691,Cyramza
ENSG00000179776,Cyramza
ENSG00000123358,Venclexta
ENSG00000065328,Cosela
ENSG00000103479,Cosela
ENSG00000073050,Rubraca
ENSG00000092847,Rubraca
ENSG00000118518,Rubraca
ENSG00000131747,Rubraca
ENSG00000143799,Rubraca
ENSG00000147874,Rubraca
ENSG00000150991,Rubraca
ENSG00000166884,Rubraca
ENSG00000189403,Rubraca
ENSG00000196419,Rubraca
ENSG00000253729,Rubraca
ENSG00000073050,Lynparza
ENSG00000092847,Lynparza
ENSG00000118518,Lynparza
ENSG00000131747,Lynparza
ENSG00000143799,Lynparza
ENSG00000147874,Lynparza
ENSG00000150991,Lynparza
ENSG00000166884,Lynparza
ENSG00000189403,Lynparza
ENSG00000196419,Lynparza
ENSG00000253729,Lynparza
ENSG00000004478,Fluoroestradiol F-18
ENSG00000010810,Fluoroestradiol F-18
ENSG00000100784,Fluoroestradiol F-18
ENSG00000108443,Fluoroestradiol F-18
ENSG00000117676,Fluoroestradiol F-18
ENSG00000142192,Fluoroestradiol F-18
ENSG00000142330,Fluoroestradiol F-18
ENSG00000164885,Fluoroestradiol F-18
ENSG00000164924,Fluoroestradiol F-18
ENSG00000165732,Fluoroestradiol F-18
ENSG00000166033,Fluoroestradiol F-18
ENSG00000167552,Fluoroestradiol F-18
ENSG00000170027,Fluoroestradiol F-18
ENSG00000175166,Fluoroestradiol F-18
ENSG00000175203,Fluoroestradiol F-18
ENSG00000175793,Fluoroestradiol F-18
ENSG00000177189,Fluoroestradiol F-18
ENSG00000185624,Fluoroestradiol F-18
ENSG00000188906,Fluoroestradiol F-18
ENSG00000112715,Lenvima
ENSG00000149177,Lenvima
ENSG00000158092,Lenvima
ENSG00000160691,Lenvima
ENSG00000149177,Lorbrena
ENSG00000013275,Ninlaro
ENSG00000087191,Ninlaro
ENSG00000100567,Ninlaro
ENSG00000101182,Ninlaro
ENSG00000138443,Ninlaro
ENSG00000147010,Ninlaro
ENSG00000148082,Ninlaro
ENSG00000150991,Ninlaro
ENSG00000161057,Ninlaro
ENSG00000186153,Ninlaro
ENSG00000197170,Ninlaro
ENSG00000240065,Ninlaro
ENSG00000276293,Ninlaro
ENSG00000104695,Gavreto
ENSG00000137076,Gavreto
ENSG00000168002,Gavreto
ENSG00000170027,Gavreto
ENSG00000188191,Gavreto
ENSG00000010810,Fotivda
ENSG00000094796,Fotivda
ENSG00000101336,Fotivda
ENSG00000164916,Fotivda
ENSG00000177885,Fotivda
ENSG00000186432,Fotivda
ENSG00000205439,Fotivda
ENSG00000106070,Xospata
ENSG00000006125,Vitrakvi
ENSG00000127022,Vitrakvi
ENSG00000134259,Vitrakvi
ENSG00000160691,Vitrakvi
ENSG00000206052,Vitrakvi
ENSG00000137076,Alecensa
ENSG00000149177,Alecensa
ENSG00000066427,Piqray
ENSG00000100368,Piqray
ENSG00000177885,Piqray
ENSG00000142192,Lumakras
ENSG00000143398,Lumakras
ENSG00000142192,Krazati
ENSG00000143398,Krazati
ENSG00000001626,Zykadia
ENSG00000087586,Zykadia
ENSG00000116030,Zykadia
ENSG00000116478,Zykadia
ENSG00000137203,Zykadia
ENSG00000141456,Zykadia
ENSG00000149177,Zykadia
ENSG00000178999,Zykadia
ENSG00000102882,Cotellic
ENSG00000109971,Cotellic
ENSG00000137693,Cotellic
ENSG00000141068,Cotellic
ENSG00000142192,Cotellic
ENSG00000166913,Cotellic
ENSG00000172530,Cotellic
ENSG00000102882,Mektovi
ENSG00000109971,Mektovi
ENSG00000137693,Mektovi
ENSG00000141068,Mektovi
ENSG00000142192,Mektovi
ENSG00000166913,Mektovi
ENSG00000172530,Mektovi
ENSG00000101266,Retevmo
ENSG00000104695,Retevmo
ENSG00000137076,Retevmo
ENSG00000168002,Retevmo
ENSG00000170027,Retevmo
ENSG00000188191,Retevmo
ENSG00000006125,Rozlytrek
ENSG00000071537,Rozlytrek
ENSG00000127947,Rozlytrek
ENSG00000134259,Rozlytrek
ENSG00000142192,Rozlytrek
ENSG00000149177,Rozlytrek
ENSG00000000938,Tepmetko
ENSG00000007264,Tepmetko
ENSG00000010017,Tepmetko
ENSG00000019991,Tepmetko
ENSG00000070159,Tepmetko
ENSG00000071051,Tepmetko
ENSG00000074966,Tepmetko
ENSG00000105647,Tepmetko
ENSG00000115290,Tepmetko
ENSG00000117461,Tepmetko
ENSG00000127947,Tepmetko
ENSG00000131746,Tepmetko
ENSG00000134215,Tepmetko
ENSG00000141738,Tepmetko
ENSG00000145715,Tepmetko
ENSG00000149177,Tepmetko
ENSG00000158092,Tepmetko
ENSG00000160293,Tepmetko
ENSG00000176105,Tepmetko
ENSG00000197943,Tepmetko
ENSG00000198753,Tepmetko
ENSG00000000938,Tabrecta
ENSG00000007264,Tabrecta
ENSG00000010017,Tabrecta
ENSG00000019991,Tabrecta
ENSG00000070159,Tabrecta
ENSG00000071051,Tabrecta
ENSG00000074966,Tabrecta
ENSG00000105647,Tabrecta
ENSG00000115290,Tabrecta
ENSG00000117461,Tabrecta
ENSG00000127947,Tabrecta
ENSG00000131746,Tabrecta
ENSG00000134215,Tabrecta
ENSG00000141738,Tabrecta
ENSG00000145715,Tabrecta
ENSG00000149177,Tabrecta
ENSG00000158092,Tabrecta
ENSG00000160293,Tabrecta
ENSG00000176105,Tabrecta
ENSG00000197943,Tabrecta
ENSG00000198753,Tabrecta
ENSG00000105401,Braftovi
ENSG00000109971,Braftovi
ENSG00000166913,Braftovi
ENSG00000171132,Braftovi
ENSG00000000938,Tagrisso
ENSG00000006125,Tagrisso
ENSG00000011485,Tagrisso
ENSG00000033327,Tagrisso
ENSG00000043462,Tagrisso
ENSG00000050748,Tagrisso
ENSG00000069869,Tagrisso
ENSG00000071051,Tagrisso
ENSG00000071537,Tagrisso
ENSG00000087586,Tagrisso
ENSG00000088930,Tagrisso
ENSG00000092758,Tagrisso
ENSG00000099942,Tagrisso
ENSG00000100324,Tagrisso
ENSG00000100351,Tagrisso
ENSG00000100485,Tagrisso
ENSG00000101182,Tagrisso
ENSG00000102606,Tagrisso
ENSG00000103266,Tagrisso
ENSG00000105401,Tagrisso
ENSG00000105647,Tagrisso
ENSG00000107263,Tagrisso
ENSG00000107295,Tagrisso
ENSG00000107643,Tagrisso
ENSG00000109458,Tagrisso
ENSG00000109971,Tagrisso
ENSG00000113070,Tagrisso
ENSG00000113580,Tagrisso
ENSG00000115145,Tagrisso
ENSG00000115325,Tagrisso
ENSG00000117461,Tagrisso
ENSG00000120694,Tagrisso
ENSG00000123384,Tagrisso
ENSG00000123908,Tagrisso
ENSG00000124882,Tagrisso
ENSG00000126561,Tagrisso
ENSG00000127191,Tagrisso
ENSG00000127824,Tagrisso
ENSG00000127947,Tagrisso
ENSG00000131746,Tagrisso
ENSG00000136235,Tagrisso
ENSG00000137076,Tagrisso
ENSG00000137267,Tagrisso
ENSG00000137462,Tagrisso
ENSG00000137486,Tagrisso
ENSG00000138798,Tagrisso
ENSG00000140575,Tagrisso
ENSG00000140600,Tagrisso
ENSG00000141480,Tagrisso
ENSG00000142192,Tagrisso
ENSG00000142627,Tagrisso
ENSG00000142949,Tagrisso
ENSG00000144749,Tagrisso
ENSG00000145715,Tagrisso
ENSG00000146674,Tagrisso
ENSG00000147010,Tagrisso
ENSG00000149177,Tagrisso
ENSG00000149269,Tagrisso
ENSG00000149428,Tagrisso
ENSG00000151834,Tagrisso
ENSG00000154229,Tagrisso
ENSG00000158092,Tagrisso
ENSG00000158402,Tagrisso
ENSG00000159352,Tagrisso
ENSG00000161203,Tagrisso
ENSG00000166313,Tagrisso
ENSG00000166598,Tagrisso
ENSG00000167552,Tagrisso
ENSG00000169045,Tagrisso
ENSG00000169047,Tagrisso
ENSG00000169139,Tagrisso
ENSG00000169398,Tagrisso
ENSG00000170312,Tagrisso
ENSG00000171132,Tagrisso
ENSG00000174437,Tagrisso
ENSG00000174808,Tagrisso
ENSG00000176105,Tagrisso
ENSG00000178078,Tagrisso
ENSG00000183020,Tagrisso
ENSG00000184144,Tagrisso
ENSG00000188191,Tagrisso
ENSG00000189043,Tagrisso
ENSG00000196961,Tagrisso
ENSG00000197943,Tagrisso
ENSG00000198399,Tagrisso
ENSG00000198668,Tagrisso
ENSG00000213658,Tagrisso
ENSG00000253729,Tagrisso
ENSG00000000938,Portrazza
ENSG00000006125,Portrazza
ENSG00000011485,Portrazza
ENSG00000033327,Portrazza
ENSG00000043462,Portrazza
ENSG00000050748,Portrazza
ENSG00000069869,Portrazza
ENSG00000071051,Portrazza
ENSG00000071537,Portrazza
ENSG00000087586,Portrazza
ENSG00000088930,Portrazza
ENSG00000092758,Portrazza
ENSG00000099942,Portrazza
ENSG00000100324,Portrazza
ENSG00000100351,Portrazza
ENSG00000100485,Portrazza
ENSG00000101182,Portrazza
ENSG00000102606,Portrazza
ENSG00000103266,Portrazza
ENSG00000105401,Portrazza
ENSG00000105647,Portrazza
ENSG00000107263,Portrazza
ENSG00000107295,Portrazza
ENSG00000107643,Portrazza
ENSG00000109458,Portrazza
ENSG00000109971,Portrazza
ENSG00000113070,Portrazza
ENSG00000113580,Portrazza
ENSG00000115145,Portrazza
ENSG00000115325,Portrazza
ENSG00000117461,Portrazza
ENSG00000120694,Portrazza
ENSG00000123384,Portrazza
ENSG00000123908,Portrazza
ENSG00000124882,Portrazza
ENSG00000126561,Portrazza
ENSG00000127191,Portrazza
ENSG00000127824,Portrazza
ENSG00000127947,Portrazza
ENSG00000131746,Portrazza
ENSG00000136235,Portrazza
ENSG00000137076,Portrazza
ENSG00000137267,Portrazza
ENSG00000137462,Portrazza
ENSG00000137486,Portrazza
ENSG00000138798,Portrazza
ENSG00000140575,Portrazza
ENSG00000140600,Portrazza
ENSG00000141480,Portrazza
ENSG00000142192,Portrazza
ENSG00000142627,Portrazza
ENSG00000142949,Portrazza
ENSG00000144749,Portrazza
ENSG00000145715,Portrazza
ENSG00000146674,Portrazza
ENSG00000147010,Portrazza
ENSG00000149177,Portrazza
ENSG00000149269,Portrazza
ENSG00000149428,Portrazza
ENSG00000151834,Portrazza
ENSG00000154229,Portrazza
ENSG00000158092,Portrazza
ENSG00000158402,Portrazza
ENSG00000159352,Portrazza
ENSG00000161203,Portrazza
ENSG00000166313,Portrazza
ENSG00000166598,Portrazza
ENSG00000167552,Portrazza
ENSG00000169045,Portrazza
ENSG00000169047,Portrazza
ENSG00000169139,Portrazza
ENSG00000169398,Portrazza
ENSG00000170312,Portrazza
ENSG00000171132,Portrazza
ENSG00000174437,Portrazza
ENSG00000174808,Portrazza
ENSG00000176105,Portrazza
ENSG00000178078,Portrazza
ENSG00000183020,Portrazza
ENSG00000184144,Portrazza
ENSG00000188191,Portrazza
ENSG00000189043,Portrazza
ENSG00000196961,Portrazza
ENSG00000197943,Portrazza
ENSG00000198399,Portrazza
ENSG00000198668,Portrazza
ENSG00000213658,Portrazza
ENSG00000253729,Portrazza
ENSG00000000938,Exkivity
ENSG00000006125,Exkivity
ENSG00000011485,Exkivity
ENSG00000033327,Exkivity
ENSG00000043462,Exkivity
ENSG00000050748,Exkivity
ENSG00000069869,Exkivity
ENSG00000071051,Exkivity
ENSG00000071537,Exkivity
ENSG00000087586,Exkivity
ENSG00000088930,Exkivity
ENSG00000092758,Exkivity
ENSG00000099942,Exkivity
ENSG00000100324,Exkivity
ENSG00000100351,Exkivity
ENSG00000100485,Exkivity
ENSG00000101182,Exkivity
ENSG00000102606,Exkivity
ENSG00000103266,Exkivity
ENSG00000105401,Exkivity
ENSG00000105647,Exkivity
ENSG00000107263,Exkivity
ENSG00000107295,Exkivity
ENSG00000107643,Exkivity
ENSG00000109458,Exkivity
ENSG00000109971,Exkivity
ENSG00000113070,Exkivity
ENSG00000113580,Exkivity
ENSG00000115145,Exkivity
ENSG00000115325,Exkivity
ENSG00000117461,Exkivity
ENSG00000120694,Exkivity
ENSG00000123384,Exkivity
ENSG00000123908,Exkivity
ENSG00000124882,Exkivity
ENSG00000126561,Exkivity
ENSG00000127191,Exkivity
ENSG00000127824,Exkivity
ENSG00000127947,Exkivity
ENSG00000131746,Exkivity
ENSG00000136235,Exkivity
ENSG00000137076,Exkivity
ENSG00000137267,Exkivity
ENSG00000137462,Exkivity
ENSG00000137486,Exkivity
ENSG00000138798,Exkivity
ENSG00000140575,Exkivity
ENSG00000140600,Exkivity
ENSG00000141480,Exkivity
ENSG00000142192,Exkivity
ENSG00000142627,Exkivity
ENSG00000142949,Exkivity
ENSG00000144749,Exkivity
ENSG00000145715,Exkivity
ENSG00000146674,Exkivity
ENSG00000147010,Exkivity
ENSG00000149177,Exkivity
ENSG00000149269,Exkivity
ENSG00000149428,Exkivity
ENSG00000151834,Exkivity
ENSG00000154229,Exkivity
ENSG00000158092,Exkivity
ENSG00000158402,Exkivity
ENSG00000159352,Exkivity
ENSG00000161203,Exkivity
ENSG00000166313,Exkivity
ENSG00000166598,Exkivity
ENSG00000167552,Exkivity
ENSG00000169045,Exkivity
ENSG00000169047,Exkivity
ENSG00000169139,Exkivity
ENSG00000169398,Exkivity
ENSG00000170312,Exkivity
ENSG00000171132,Exkivity
ENSG00000174437,Exkivity
ENSG00000174808,Exkivity
ENSG00000176105,Exkivity
ENSG00000178078,Exkivity
ENSG00000183020,Exkivity
ENSG00000184144,Exkivity
ENSG00000188191,Exkivity
ENSG00000189043,Exkivity
ENSG00000196961,Exkivity
ENSG00000197943,Exkivity
ENSG00000198399,Exkivity
ENSG00000198668,Exkivity
ENSG00000213658,Exkivity
ENSG00000253729,Exkivity
ENSG00000000938,Alunbrig
ENSG00000006125,Alunbrig
ENSG00000011485,Alunbrig
ENSG00000033327,Alunbrig
ENSG00000043462,Alunbrig
ENSG00000050748,Alunbrig
ENSG00000069869,Alunbrig
ENSG00000071051,Alunbrig
ENSG00000071537,Alunbrig
ENSG00000087586,Alunbrig
ENSG00000088930,Alunbrig
ENSG00000092758,Alunbrig
ENSG00000099942,Alunbrig
ENSG00000100324,Alunbrig
ENSG00000100351,Alunbrig
ENSG00000100485,Alunbrig
ENSG00000101182,Alunbrig
ENSG00000102606,Alunbrig
ENSG00000103266,Alunbrig
ENSG00000105401,Alunbrig
ENSG00000105647,Alunbrig
ENSG00000107263,Alunbrig
ENSG00000107295,Alunbrig
ENSG00000107643,Alunbrig
ENSG00000109458,Alunbrig
ENSG00000109971,Alunbrig
ENSG00000113070,Alunbrig
ENSG00000113580,Alunbrig
ENSG00000115145,Alunbrig
ENSG00000115325,Alunbrig
ENSG00000117461,Alunbrig
ENSG00000120694,Alunbrig
ENSG00000123384,Alunbrig
ENSG00000123908,Alunbrig
ENSG00000124882,Alunbrig
ENSG00000126561,Alunbrig
ENSG00000127191,Alunbrig
ENSG00000127824,Alunbrig
ENSG00000127947,Alunbrig
ENSG00000131746,Alunbrig
ENSG00000136235,Alunbrig
ENSG00000137076,Alunbrig
ENSG00000137267,Alunbrig
ENSG00000137462,Alunbrig
ENSG00000137486,Alunbrig
ENSG00000138798,Alunbrig
ENSG00000140575,Alunbrig
ENSG00000140600,Alunbrig
ENSG00000141480,Alunbrig
ENSG00000142192,Alunbrig
ENSG00000142627,Alunbrig
ENSG00000142949,Alunbrig
ENSG00000144749,Alunbrig
ENSG00000145715,Alunbrig
ENSG00000146674,Alunbrig
ENSG00000147010,Alunbrig
ENSG00000149177,Alunbrig
ENSG00000149269,Alunbrig
ENSG00000149428,Alunbrig
ENSG00000151834,Alunbrig
ENSG00000154229,Alunbrig
ENSG00000158092,Alunbrig
ENSG00000158402,Alunbrig
ENSG00000159352,Alunbrig
ENSG00000161203,Alunbrig
ENSG00000166313,Alunbrig
ENSG00000166598,Alunbrig
ENSG00000167552,Alunbrig
ENSG00000169045,Alunbrig
ENSG00000169047,Alunbrig
ENSG00000169139,Alunbrig
ENSG00000169398,Alunbrig
ENSG00000170312,Alunbrig
ENSG00000171132,Alunbrig
ENSG00000174437,Alunbrig
ENSG00000174808,Alunbrig
ENSG00000176105,Alunbrig
ENSG00000178078,Alunbrig
ENSG00000183020,Alunbrig
ENSG00000184144,Alunbrig
ENSG00000188191,Alunbrig
ENSG00000189043,Alunbrig
ENSG00000196961,Alunbrig
ENSG00000197943,Alunbrig
ENSG00000198399,Alunbrig
ENSG00000198668,Alunbrig
ENSG00000213658,Alunbrig
ENSG00000253729,Alunbrig
ENSG00000000938,Vizimpro
ENSG00000006125,Vizimpro
ENSG00000007264,Vizimpro
ENSG00000010810,Vizimpro
ENSG00000011485,Vizimpro
ENSG00000033327,Vizimpro
ENSG00000043462,Vizimpro
ENSG00000050748,Vizimpro
ENSG00000069869,Vizimpro
ENSG00000070159,Vizimpro
ENSG00000071051,Vizimpro
ENSG00000071537,Vizimpro
ENSG00000074966,Vizimpro
ENSG00000078747,Vizimpro
ENSG00000087586,Vizimpro
ENSG00000088930,Vizimpro
ENSG00000090776,Vizimpro
ENSG00000092758,Vizimpro
ENSG00000099942,Vizimpro
ENSG00000100324,Vizimpro
ENSG00000100351,Vizimpro
ENSG00000100485,Vizimpro
ENSG00000101182,Vizimpro
ENSG00000102606,Vizimpro
ENSG00000103266,Vizimpro
ENSG00000105401,Vizimpro
ENSG00000105647,Vizimpro
ENSG00000107263,Vizimpro
ENSG00000107295,Vizimpro
ENSG00000107643,Vizimpro
ENSG00000109458,Vizimpro
ENSG00000109971,Vizimpro
ENSG00000113070,Vizimpro
ENSG00000113580,Vizimpro
ENSG00000115145,Vizimpro
ENSG00000115325,Vizimpro
ENSG00000117461,Vizimpro
ENSG00000120694,Vizimpro
ENSG00000123384,Vizimpro
ENSG00000123908,Vizimpro
ENSG00000124882,Vizimpro
ENSG00000126561,Vizimpro
ENSG00000127191,Vizimpro
ENSG00000127824,Vizimpro
ENSG00000127947,Vizimpro
ENSG00000131746,Vizimpro
ENSG00000132535,Vizimpro
ENSG00000134215,Vizimpro
ENSG00000136235,Vizimpro
ENSG00000137076,Vizimpro
ENSG00000137267,Vizimpro
ENSG00000137462,Vizimpro
ENSG00000137486,Vizimpro
ENSG00000138095,Vizimpro
ENSG00000138798,Vizimpro
ENSG00000140575,Vizimpro
ENSG00000140600,Vizimpro
ENSG00000141480,Vizimpro
ENSG00000141738,Vizimpro
ENSG00000142192,Vizimpro
ENSG00000142627,Vizimpro
ENSG00000142949,Vizimpro
ENSG00000144749,Vizimpro
ENSG00000145715,Vizimpro
ENSG00000146674,Vizimpro
ENSG00000147010,Vizimpro
ENSG00000149177,Vizimpro
ENSG00000149269,Vizimpro
ENSG00000149428,Vizimpro
ENSG00000151834,Vizimpro
ENSG00000154229,Vizimpro
ENSG00000158092,Vizimpro
ENSG00000158402,Vizimpro
ENSG00000159352,Vizimpro
ENSG00000160293,Vizimpro
ENSG00000161203,Vizimpro
ENSG00000166313,Vizimpro
ENSG00000166598,Vizimpro
ENSG00000167552,Vizimpro
ENSG00000169045,Vizimpro
ENSG00000169047,Vizimpro
ENSG00000169139,Vizimpro
ENSG00000169398,Vizimpro
ENSG00000170312,Vizimpro
ENSG00000171132,Vizimpro
ENSG00000173406,Vizimpro
ENSG00000174437,Vizimpro
ENSG00000174808,Vizimpro
ENSG00000176105,Vizimpro
ENSG00000178078,Vizimpro
ENSG00000183020,Vizimpro
ENSG00000184144,Vizimpro
ENSG00000188191,Vizimpro
ENSG00000189043,Vizimpro
ENSG00000196961,Vizimpro
ENSG00000197943,Vizimpro
ENSG00000198399,Vizimpro
ENSG00000198668,Vizimpro
ENSG00000213658,Vizimpro
ENSG00000253729,Vizimpro
ENSG00000000938,Gilotrif
ENSG00000006125,Gilotrif
ENSG00000007264,Gilotrif
ENSG00000010810,Gilotrif
ENSG00000011485,Gilotrif
ENSG00000033327,Gilotrif
ENSG00000043462,Gilotrif
ENSG00000050748,Gilotrif
ENSG00000069869,Gilotrif
ENSG00000070159,Gilotrif
ENSG00000071051,Gilotrif
ENSG00000071537,Gilotrif
ENSG00000074966,Gilotrif
ENSG00000078747,Gilotrif
ENSG00000087586,Gilotrif
ENSG00000088930,Gilotrif
ENSG00000090776,Gilotrif
ENSG00000092758,Gilotrif
ENSG00000099942,Gilotrif
ENSG00000100324,Gilotrif
ENSG00000100351,Gilotrif
ENSG00000100485,Gilotrif
ENSG00000101182,Gilotrif
ENSG00000102606,Gilotrif
ENSG00000103266,Gilotrif
ENSG00000105401,Gilotrif
ENSG00000105647,Gilotrif
ENSG00000107263,Gilotrif
ENSG00000107295,Gilotrif
ENSG00000107643,Gilotrif
ENSG00000109458,Gilotrif
ENSG00000109971,Gilotrif
ENSG00000113070,Gilotrif
ENSG00000113580,Gilotrif
ENSG00000115145,Gilotrif
ENSG00000115325,Gilotrif
ENSG00000117461,Gilotrif
ENSG00000120694,Gilotrif
ENSG00000123384,Gilotrif
ENSG00000123908,Gilotrif
ENSG00000124882,Gilotrif
ENSG00000126561,Gilotrif
ENSG00000127191,Gilotrif
ENSG00000127824,Gilotrif
ENSG00000127947,Gilotrif
ENSG00000131746,Gilotrif
ENSG00000132535,Gilotrif
ENSG00000134215,Gilotrif
ENSG00000136235,Gilotrif
ENSG00000137076,Gilotrif
ENSG00000137267,Gilotrif
ENSG00000137462,Gilotrif
ENSG00000137486,Gilotrif
ENSG00000138095,Gilotrif
ENSG00000138798,Gilotrif
ENSG00000140575,Gilotrif
ENSG00000140600,Gilotrif
ENSG00000141480,Gilotrif
ENSG00000141738,Gilotrif
ENSG00000142192,Gilotrif
ENSG00000142627,Gilotrif
ENSG00000142949,Gilotrif
ENSG00000144749,Gilotrif
ENSG00000145715,Gilotrif
ENSG00000146674,Gilotrif
ENSG00000147010,Gilotrif
ENSG00000149177,Gilotrif
ENSG00000149269,Gilotrif
ENSG00000149428,Gilotrif
ENSG00000151834,Gilotrif
ENSG00000154229,Gilotrif
ENSG00000158092,Gilotrif
ENSG00000158402,Gilotrif
ENSG00000159352,Gilotrif
ENSG00000160293,Gilotrif
ENSG00000161203,Gilotrif
ENSG00000166313,Gilotrif
ENSG00000166598,Gilotrif
ENSG00000167552,Gilotrif
ENSG00000169045,Gilotrif
ENSG00000169047,Gilotrif
ENSG00000169139,Gilotrif
ENSG00000169398,Gilotrif
ENSG00000170312,Gilotrif
ENSG00000171132,Gilotrif
ENSG00000173406,Gilotrif
ENSG00000174437,Gilotrif
ENSG00000174808,Gilotrif
ENSG00000176105,Gilotrif
ENSG00000178078,Gilotrif
ENSG00000183020,Gilotrif
ENSG00000184144,Gilotrif
ENSG00000188191,Gilotrif
ENSG00000189043,Gilotrif
ENSG00000196961,Gilotrif
ENSG00000197943,Gilotrif
ENSG00000198399,Gilotrif
ENSG00000198668,Gilotrif
ENSG00000213658,Gilotrif
ENSG00000253729,Gilotrif
ENSG00000000938,Rybrevant
ENSG00000006125,Rybrevant
ENSG00000007264,Rybrevant
ENSG00000010017,Rybrevant
ENSG00000011485,Rybrevant
ENSG00000019991,Rybrevant
ENSG00000033327,Rybrevant
ENSG00000043462,Rybrevant
ENSG00000050748,Rybrevant
ENSG00000069869,Rybrevant
ENSG00000070159,Rybrevant
ENSG00000071051,Rybrevant
ENSG00000071537,Rybrevant
ENSG00000074966,Rybrevant
ENSG00000087586,Rybrevant
ENSG00000088930,Rybrevant
ENSG00000092758,Rybrevant
ENSG00000099942,Rybrevant
ENSG00000100324,Rybrevant
ENSG00000100351,Rybrevant
ENSG00000100485,Rybrevant
ENSG00000101182,Rybrevant
ENSG00000102606,Rybrevant
ENSG00000103266,Rybrevant
ENSG00000105401,Rybrevant
ENSG00000105647,Rybrevant
ENSG00000107263,Rybrevant
ENSG00000107295,Rybrevant
ENSG00000107643,Rybrevant
ENSG00000109458,Rybrevant
ENSG00000109971,Rybrevant
ENSG00000113070,Rybrevant
ENSG00000113580,Rybrevant
ENSG00000115145,Rybrevant
ENSG00000115290,Rybrevant
ENSG00000115325,Rybrevant
ENSG00000117461,Rybrevant
ENSG00000120694,Rybrevant
ENSG00000123384,Rybrevant
ENSG00000123908,Rybrevant
ENSG00000124882,Rybrevant
ENSG00000126561,Rybrevant
ENSG00000127191,Rybrevant
ENSG00000127824,Rybrevant
ENSG00000127947,Rybrevant
ENSG00000131746,Rybrevant
ENSG00000134215,Rybrevant
ENSG00000136235,Rybrevant
ENSG00000137076,Rybrevant
ENSG00000137267,Rybrevant
ENSG00000137462,Rybrevant
ENSG00000137486,Rybrevant
ENSG00000138798,Rybrevant
ENSG00000140575,Rybrevant
ENSG00000140600,Rybrevant
ENSG00000141480,Rybrevant
ENSG00000141738,Rybrevant
ENSG00000142192,Rybrevant
ENSG00000142627,Rybrevant
ENSG00000142949,Rybrevant
ENSG00000144749,Rybrevant
ENSG00000145715,Rybrevant
ENSG00000146674,Rybrevant
ENSG00000147010,Rybrevant
ENSG00000149177,Rybrevant
ENSG00000149269,Rybrevant
ENSG00000149428,Rybrevant
ENSG00000151834,Rybrevant
ENSG00000154229,Rybrevant
ENSG00000158092,Rybrevant
ENSG00000158402,Rybrevant
ENSG00000159352,Rybrevant
ENSG00000160293,Rybrevant
ENSG00000161203,Rybrevant
ENSG00000166313,Rybrevant
ENSG00000166598,Rybrevant
ENSG00000167552,Rybrevant
ENSG00000169045,Rybrevant
ENSG00000169047,Rybrevant
ENSG00000169139,Rybrevant
ENSG00000169398,Rybrevant
ENSG00000170312,Rybrevant
ENSG00000171132,Rybrevant
ENSG00000174437,Rybrevant
ENSG00000174808,Rybrevant
ENSG00000176105,Rybrevant
ENSG00000178078,Rybrevant
ENSG00000183020,Rybrevant
ENSG00000184144,Rybrevant
ENSG00000188191,Rybrevant
ENSG00000189043,Rybrevant
ENSG00000196961,Rybrevant
ENSG00000197943,Rybrevant
ENSG00000198399,Rybrevant
ENSG00000198668,Rybrevant
ENSG00000198753,Rybrevant
ENSG00000213658,Rybrevant
ENSG00000253729,Rybrevant
ENSG00000136244,Kevzara
NA,Vraylar
NA,Lybalvi
NA,Ingrezza